<?xml version="1.0" encoding="UTF-8"?>
<project-private xmlns="http://www.netbeans.org/ns/project-private/1">
    <editor-bookmarks xmlns="http://www.netbeans.org/ns/editor-bookmarks/2" lastBookmarkId="0"/>
    <open-files xmlns="http://www.netbeans.org/ns/projectui-open-files/2">
        <group>
            <file>file:/D:/Users/User/Downloads/SistemaCine/src/sistemacine/VentaFinal.java</file>
            <file>file:/D:/Users/User/Downloads/SistemaCine/src/sistemacine/Eventos.java</file>
            <file>file:/D:/Users/User/Downloads/SistemaCine/src/sistemacine/SistemaCine.java</file>
            <file>file:/D:/Users/User/Downloads/SistemaCine/src/componenteInterfaz/LoginCine.java</file>
            <file>file:/D:/Users/User/Downloads/SistemaCine/src/componenteInterfaz/InterfazCine.java</file>
            <file>file:/D:/Users/User/Downloads/SistemaCine/src/sistemacine/Boleto.java</file>
            <file>file:/D:/Users/User/Downloads/SistemaCine/src/sistemacine/Pagar.java</file>
            <file>file:/D:/Users/User/Downloads/SistemaCine/src/sistemacine/ListaEventos.java</file>
            <file>file:/D:/Users/User/Downloads/SistemaCine/src/sistemacine/ListaSalas.java</file>
        </group>
    </open-files>
</project-private>
